Player,Pos,Age,Tm,G,FG,FG%,eFG%,PTS
Luka Dončić,PG,23,DAL,41,11.3,.497,.559,33.7
Joel Embiid,C,28,PHI,34,11.2,.537,.563,33.6
Jayson Tatum,PF,24,BOS,44,10.2,.468,.544,31.2
Giannis Antetokounmpo,PF,28,MIL,35,10.9,.524,.541,31
Shai Gilgeous-Alexander,PG,24,OKC,41,10.0,.501,.526,30.5
LeBron James,PF,38,LAL,35,11.5,.509,.552,29.8
Kevin Durant,PF,34,BRK,39,10.5,.559,.607,29.7
Stephen Curry,PG,34,GSW,31,9.8,.487,.609,29.3
Damian Lillard,PG,32,POR,33,8.9,.449,.549,29.2
Donovan Mitchell,SG,26,CLE,40,9.8,.484,.576,28.4
Anthony Davis,C,29,LAL,25,10.2,.594,.605,27.4
Ja Morant,PG,23,MEM,37,9.7,.469,.509,27.4
Trae Young,PG,24,ATL,40,8.5,.424,.481,27.2
Devin Booker,SG,26,PHO,29,9.8,.477,.534,27.1
Jaylen Brown,SF,26,BOS,41,10.1,.495,.554,26.9
DeMar DeRozan,SF,33,CHI,42,9.3,.506,.516,26.1
Zion Williamson,PF,22,NOP,29,9.8,.608,.615,26
Kyrie Irving,PG,30,BRK,33,9.6,.477,.552,25.8
Nikola Jokić,C,27,DEN,41,9.5,.626,.654,25.1
Pascal Siakam,C,28,TOR,36,8.7,.475,.511,25.1
Lauri Markkanen,SF,25,UTA,43,8.4,.520,.613,24.8
Julius Randle,PF,28,NYK,46,8.2,.455,.527,24.2
Zach LaVine,SG,27,CHI,41,8.4,.463,.546,24.1
De'Aaron Fox,PG,25,SAC,40,9.0,.507,.554,24
Anthony Edwards,SG,21,MIN,47,8.5,.454,.521,23.7
LaMelo Ball,PG,21,CHO,22,8.3,.409,.508,23.5
Paul George,SF,32,LAC,31,8.0,.451,.535,23.4
Bradley Beal,SG,29,WAS,25,8.6,.528,.574,22.7
Jalen Brunson,PG,26,NYK,43,8.1,.470,.521,22.6
Kristaps Porziņģis,C,27,WAS,40,7.3,.471,.533,22.2
Jimmy Butler,SF,33,MIA,32,7.3,.514,.536,22
Jalen Green,SG,20,HOU,44,7.4,.413,.482,21.9
Desmond Bane,SG,24,MEM,24,7.5,.453,.552,21.8
Jerami Grant,PF,28,POR,43,7.4,.494,.578,21.7
Kyle Kuzma,PF,27,WAS,44,8.3,.457,.527,21.7
Anfernee Simons,SG,23,POR,43,7.6,.439,.541,21.6
Bam Adebayo,C,25,MIA,41,8.7,.540,.541,21.5
Darius Garland,PG,23,CLE,37,7.4,.447,.522,21.5
James Harden,PG,33,PHI,30,6.6,.447,.539,21.5
Keldon Johnson,SF,23,SAS,39,7.5,.421,.489,21.5
Bojan Bogdanović,PF,33,DET,45,7.1,.486,.569,21.3
CJ McCollum,SG,31,NOP,40,8.0,.435,.518,21.3
Paolo Banchero,PF,20,ORL,37,6.9,.439,.482,21.1
Jordan Poole,PG,23,GSW,45,7.2,.435,.513,21.1
Jordan Clarkson,SG,30,UTA,47,7.5,.452,.533,21
Terry Rozier,SG,28,CHO,36,7.9,.413,.479,21
Klay Thompson,SG,32,GSW,35,7.6,.422,.536,20.9
Tyler Herro,SG,23,MIA,34,7.4,.445,.540,20.8
Brandon Ingram,SF,25,NOP,15,7.3,.472,.532,20.8
Karl-Anthony Towns,PF,27,MIN,21,7.3,.505,.568,20.8
Tyrese Maxey,SG,22,PHI,26,7.5,.459,.534,20.7
Dejounte Murray,SG,26,ATL,40,8.2,.455,.510,20.6
Franz Wagner,SF,21,ORL,43,7.4,.489,.545,20.3
Tyrese Haliburton,PG,22,IND,40,7.3,.480,.578,20.2
Kelly Oubre Jr.,SF,27,CHO,35,7.5,.421,.486,20.2
RJ Barrett,SG,22,NYK,40,7.0,.427,.481,20
Cade Cunningham,PG,21,DET,12,7.8,.415,.453,19.9
Jrue Holiday,PG,32,MIL,34,7.2,.467,.546,19.4
Kawhi Leonard,SF,31,LAC,22,7.1,.482,.523,19.4
Devin Vassell,SG,22,SAS,29,7.1,.445,.533,19.4
Kevin Porter Jr.,PG,22,HOU,40,6.7,.437,.509,19.2
Domantas Sabonis,C,26,SAC,41,7.0,.610,.630,18.9
Fred VanVleet,PG,28,TOR,38,6.1,.387,.480,18.9
Jamal Murray,PG,25,DEN,38,6.9,.448,.520,18.8
Gary Trent Jr.,SG,24,TOR,39,6.3,.438,.527,18.5
Christian Wood,C,27,DAL,42,6.7,.535,.606,18.4
Andrew Wiggins,SF,27,GSW,28,7.0,.476,.570,18
Buddy Hield,SF,30,IND,46,6.3,.449,.585,17.6
OG Anunoby,SF,25,TOR,42,6.5,.456,.523,17.5
Deandre Ayton,C,24,PHO,40,7.7,.583,.589,17.5
Nikola Vučević,C,32,CHI,45,7.0,.521,.584,17.5
D'Angelo Russell,PG,26,MIN,44,6.0,.463,.555,17.2
Bennedict Mathurin,SF,20,IND,46,5.4,.422,.481,17.1
Myles Turner,C,26,IND,37,6.1,.558,.627,17.1
Spencer Dinwiddie,PG,29,DAL,45,5.7,.464,.567,16.7
Aaron Gordon,PF,27,DEN,40,6.3,.588,.633,16.5
Jaren Jackson Jr.,C,23,MEM,28,5.8,.513,.579,16.5
Dillon Brooks,SF,27,MEM,40,6.1,.403,.468,16.3
Tobias Harris,PF,30,PHI,41,6.4,.499,.572,16.3
Michael Porter Jr.,SF,24,DEN,31,5.9,.473,.580,16.1
Mikal Bridges,SF,26,PHO,46,5.9,.461,.530,16
Josh Giddey,SG,20,OKC,40,6.9,.483,.520,16
Norman Powell,SG,29,LAC,37,5.4,.474,.557,16
Wendell Carter Jr.,C,23,ORL,25,5.7,.522,.579,15.8
Russell Westbrook,PG,34,LAL,42,5.9,.423,.466,15.8
Scottie Barnes,PF,21,TOR,43,6.1,.462,.493,15.7
Kevin Huerter,SG,24,SAC,40,5.7,.481,.605,15.7
De'Andre Hunter,SF,25,ATL,37,5.5,.453,.519,15.5
Bogdan Bogdanović,SG,30,ATL,21,5.8,.417,.519,15.4
Harrison Barnes,PF,30,SAC,43,4.7,.482,.565,15.3
Jaden Ivey,SG,20,DET,44,5.2,.412,.465,15.2
P.J. Washington,PF,24,CHO,45,5.7,.443,.522,15.2
Alperen Şengün,C,20,HOU,41,6.0,.566,.575,15.1
Jonas Valančiūnas,C,30,NOP,45,5.7,.542,.572,14.8
Lonnie Walker IV,SG,24,LAL,32,5.3,.455,.543,14.7
Brook Lopez,C,34,MIL,44,5.6,.506,.598,14.6
Evan Mobley,PF,21,CLE,44,5.9,.557,.566,14.5
Saddiq Bey,SF,23,DET,44,4.5,.400,.479,14.3
Luguentz Dort,SG,23,OKC,44,4.9,.412,.491,14.3
Jusuf Nurkić,C,28,POR,40,5.3,.520,.561,14.3
Collin Sexton,SG,24,UTA,35,4.9,.493,.542,14.3
Bobby Portis,PF,27,MIL,45,5.9,.493,.541,14.2
Malcolm Brogdon,PG,30,BOS,40,4.9,.479,.574,14.1
Tim Hardaway Jr.,SG,30,DAL,42,4.7,.390,.509,14
Jarrett Allen,C,24,CLE,39,5.6,.631,.631,13.9
Tre Jones,PG,23,SAS,44,5.3,.446,.479,13.8
Malik Beasley,SG,26,UTA,48,5.0,.399,.522,13.7
Gordon Hayward,SF,32,CHO,21,5.1,.423,.470,13.7
Cameron Johnson,PF,26,PHO,9,4.6,.441,.570,13.7
Alec Burks,SG,31,DET,35,4.2,.456,.563,13.6
Malik Monk,SG,24,SAC,42,4.7,.431,.511,13.5
John Collins,PF,25,ATL,37,5.2,.504,.542,13.3
Rudy Gobert,C,30,MIN,39,5.1,.679,.679,13.3
Max Strus,SF,26,MIA,44,4.7,.403,.520,13.2
Marcus Morris,PF,33,LAC,43,4.9,.435,.526,13.1
Chris Paul,PG,37,PHO,26,4.4,.425,.506,13.1
Kyle Lowry,PG,36,MIA,37,4.1,.401,.507,12.9
Bones Hyland,PG,22,DEN,37,4.4,.406,.516,12.8
Thomas Bryant,C,25,LAL,31,5.0,.642,.671,12.5
Caris LeVert,SG,28,CLE,42,4.5,.418,.488,12.5
Trey Murphy III,SF,22,NOP,42,4.3,.476,.598,12.5
Immanuel Quickley,PG,23,NYK,46,4.3,.422,.500,12.5
Rui Hachimura,PF,24,WAS,29,5.0,.480,.525,12.4
Jakob Poeltl,C,27,SAS,36,5.3,.634,.634,12.3
Nic Claxton,C,23,BRK,41,5.5,.730,.730,12.2
Markelle Fultz,PG,24,ORL,23,5.2,.502,.523,12.2
Eric Gordon,SG,34,HOU,39,4.1,.427,.520,12.2
Kelly Olynyk,C,31,UTA,39,4.0,.503,.595,12.2
Clint Capela,C,28,ATL,29,5.5,.645,.645,12.1
Cameron Payne,PG,28,PHO,28,4.5,.412,.490,12.1
Dennis Schröder,PG,29,LAL,31,4.0,.429,.495,12
Jabari Smith Jr.,PF,19,HOU,44,4.3,.391,.471,12
Bol Bol,PF,23,ORL,39,4.9,.585,.624,11.9
Jaden McDaniels,PF,22,MIN,44,4.6,.527,.599,11.7
Keegan Murray,SF,22,SAC,41,4.2,.434,.557,11.7
Moritz Wagner,C,25,ORL,23,4.0,.492,.562,11.7
Jalen Williams,SG,21,OKC,41,4.7,.507,.548,11.7
Kentavious Caldwell-Pope,SG,29,DEN,44,4.1,.474,.595,11.6
Victor Oladipo,SG,30,MIA,20,4.0,.410,.490,11.6
Isaiah Stewart,C,21,DET,38,4.0,.447,.524,11.6
Mason Plumlee,C,32,CHO,46,4.5,.659,.659,11.5
Cole Anthony,PG,22,ORL,26,3.9,.406,.462,11.4
Jaylen Nowell,SG,23,MIN,47,4.5,.445,.498,11.4
Marcus Smart,PG,28,BOS,40,4.1,.420,.514,11.4
John Wall,PG,32,LAC,34,4.1,.408,.457,11.4
Saben Lee,PG,23,PHO,4,3.5,.519,.574,11.3
Jalen McDaniels,SF,25,CHO,46,4.1,.463,.534,11.2
Josh Richardson,SG,29,SAS,35,4.1,.442,.535,11.2
Bruce Brown,SG,26,DEN,44,4.4,.499,.572,11.1
Khris Middleton,SF,31,MIL,7,3.6,.325,.396,11.1
Reggie Jackson,PG,32,LAC,42,4.1,.412,.485,11
Kenyon Martin Jr.,SF,22,HOU,45,4.3,.549,.611,11
De'Anthony Melton,PG,24,PHI,42,4.0,.417,.536,10.9
Grayson Allen,SG,27,MIL,41,3.5,.444,.564,10.8
Austin Reaves,SG,24,LAL,36,3.4,.488,.577,10.8
Marvin Bagley III,C,23,DET,25,4.3,.537,.560,10.6
Tyus Jones,PG,26,MEM,44,4.0,.441,.528,10.6
Mike Conley,PG,35,UTA,36,3.5,.396,.502,10.5
Quentin Grimes,SG,22,NYK,35,3.6,.452,.573,10.5
Naji Marshall,SF,25,NOP,43,3.6,.436,.503,10.5
Naz Reid,C,23,MIN,39,4.2,.543,.604,10.5
T.J. Warren,PF,29,BRK,20,4.3,.521,.564,10.5
Jalen Suggs,PG,21,ORL,20,3.8,.410,.470,10.4
Caleb Martin,PF,27,MIA,36,3.9,.461,.546,10.3
Doug McDermott,SF,31,SAS,39,3.8,.482,.598,10.3
Monte Morris,PG,27,WAS,39,4.0,.467,.545,10.3
Ivica Zubac,C,25,LAC,45,4.0,.619,.619,10.3
Shake Milton,SG,26,PHI,41,4.0,.506,.561,10.2
Brandon Clarke,PF,26,MEM,38,4.1,.654,.656,10.1
Seth Curry,SG,32,BRK,32,3.8,.462,.573,10.1
Herbert Jones,SF,24,NOP,29,3.4,.426,.478,10
Patrick Williams,PF,21,CHI,45,3.7,.460,.552,10
AJ Griffin,SF,19,ATL,41,4.0,.485,.584,9.9
Derrick White,SG,28,BOS,46,3.3,.442,.543,9.9
Killian Hayes,PG,21,DET,45,4.0,.389,.447,9.8
Al Horford,C,36,BOS,36,3.7,.494,.633,9.8
Jalen Smith,PF,22,IND,43,3.7,.460,.516,9.8
Gabe Vincent,PG,26,MIA,32,3.5,.417,.515,9.7
Santi Aldama,PF,22,MEM,41,3.4,.490,.587,9.6
Ayo Dosunmu,SG,23,CHI,43,3.9,.506,.563,9.6
Josh Hart,SF,27,POR,43,3.5,.498,.546,9.5
Aaron Nesmith,SF,23,IND,39,3.3,.423,.511,9.5
Landry Shamet,SG,25,PHO,30,3.1,.380,.506,9.5
Chris Boucher,PF,30,TOR,40,3.3,.468,.521,9.4
Corey Kispert,SF,23,WAS,37,3.3,.478,.609,9.4
Damion Lee,SG,30,PHO,46,3.0,.463,.606,9.3
Onyeka Okongwu,C,22,ATL,44,3.9,.620,.620,9.3
Jose Alvarado,PG,24,NOP,44,3.3,.411,.499,9.2
Zach Collins,C,25,SAS,34,3.6,.533,.577,9.2
Georges Niang,PF,29,PHI,43,3.1,.449,.613,9.2
Royce O'Neale,SF,29,BRK,41,3.2,.393,.528,9.2
Jeremy Sochan,PF,19,SAS,39,3.7,.458,.484,9
Joe Wieskamp,SF,23,TOR,1,3.0,.750,1.125,9
Cedi Osman,SF,27,CLE,44,3.3,.462,.554,8.9
Taurean Prince,SF,28,MIN,27,3.3,.503,.607,8.9
Aleksej Pokusevski,PF,21,OKC,31,3.5,.440,.519,8.8
Grant Williams,PF,24,BOS,45,3.0,.486,.604,8.8
Luke Kennard,SG,26,LAC,29,3.1,.489,.636,8.7
Kevin Love,PF,34,CLE,38,2.8,.382,.500,8.7
Terance Mann,SG,26,LAC,46,3.4,.517,.581,8.7
Andrew Nembhard,SG,23,IND,41,3.4,.442,.530,8.6
Jarred Vanderbilt,PF,23,UTA,46,3.5,.566,.594,8.6
Saben Lee,PG,23,TOT,6,2.8,.548,.597,8.5
Jeremiah Robinson-Earl,PF,22,OKC,26,3.3,.489,.572,8.5
Steven Adams,C,29,MEM,40,3.7,.599,.599,8.4
Kyle Anderson,PF,29,MIN,36,3.1,.511,.559,8.4
Torrey Craig,SF,32,PHO,43,3.2,.468,.566,8.4
Dorian Finney-Smith,PF,29,DAL,32,3.0,.398,.521,8.4
Gary Harris,SG,28,ORL,16,3.0,.457,.557,8.4
Cam Reddish,SF,23,NYK,20,3.1,.449,.511,8.4
Coby White,SG,22,CHI,37,3.0,.435,.555,8.4
Precious Achiuwa,C,23,TOR,22,3.0,.418,.456,8.3
Tre Mann,PG,21,OKC,40,3.2,.390,.473,8.3
Nick Richards,C,25,CHO,38,3.2,.625,.625,8.3
Deni Avdija,SF,22,WAS,43,3.0,.429,.488,8.2
Joe Harris,SG,31,BRK,37,3.0,.443,.573,8.2
Hamidou Diallo,SG,24,DET,40,3.3,.573,.584,8.1
Dennis Smith Jr.,PG,25,CHO,24,3.4,.418,.446,8.1
Robert Williams,C,25,BOS,14,3.6,.761,.761,8.1
Pat Connaughton,SG,30,MIL,29,2.8,.360,.484,8
Tari Eason,PF,21,HOU,45,3.1,.433,.486,8
Draymond Green,PF,32,GSW,41,3.1,.504,.556,8
Terrence Ross,SG,31,ORL,40,3.1,.429,.528,8
Kemba Walker,PG,32,DAL,9,2.7,.421,.482,8
Duane Washington Jr.,SG,22,PHO,28,3.1,.369,.443,8
Donte DiVincenzo,SG,26,GSW,35,2.7,.400,.530,7.8
Jalen Duren,C,19,DET,40,3.3,.641,.641,7.8
Daniel Gafford,C,24,WAS,44,3.2,.751,.751,7.8
Walker Kessler,C,21,UTA,45,3.3,.715,.715,7.6
Larry Nance Jr.,PF,30,NOP,35,3.3,.616,.643,7.6
Kenrich Williams,PF,28,OKC,37,3.2,.544,.624,7.6
Will Barton,SG,32,WAS,36,2.7,.375,.463,7.5
Jeff Green,PF,36,DEN,24,2.8,.527,.558,7.5
Isaiah Joe,SG,23,OKC,37,2.4,.468,.645,7.5
Jonathan Kuminga,PF,20,GSW,33,2.8,.472,.513,7.5
Anthony Lamb,SF,25,GSW,37,2.7,.513,.646,7.5
Shaedon Sharpe,SG,19,POR,44,3.1,.469,.535,7.5
Ben Simmons,PG,26,BRK,33,3.4,.577,.577,7.5
Mo Bamba,C,24,ORL,35,2.7,.495,.586,7.4
Keita Bates-Diop,SF,27,SAS,32,2.8,.520,.566,7.3
Jevon Carter,PG,27,MIL,45,2.7,.399,.503,7.3
Goran Dragić,PG,36,CHI,42,2.8,.433,.507,7.2
Mitchell Robinson,C,24,NYK,38,3.1,.674,.674,7.2
Malaki Branham,SF,19,SAS,31,2.7,.413,.483,7.1
Chris Duarte,SF,25,IND,25,2.4,.333,.412,7.1
Josh Green,SG,22,DAL,26,2.4,.594,.712,7.1
Isaiah Jackson,C,21,IND,35,2.7,.556,.558,7.1
Romeo Langford,SG,23,SAS,30,3.0,.473,.503,7.1
Trey Lyles,PF,27,SAC,37,2.4,.468,.576,7
Joshua Primo,SG,20,SAS,4,2.3,.346,.404,7
Cam Thomas,SG,21,BRK,29,2.4,.429,.466,7
Willy Hernangómez,C,28,NOP,22,2.3,.521,.526,6.9
Talen Horton-Tucker,SG,22,UTA,38,2.6,.398,.451,6.9
Duncan Robinson,SF,28,MIA,28,2.3,.368,.500,6.9
Nickeil Alexander-Walker,SG,24,UTA,33,2.5,.491,.596,6.8
Joe Ingles,SF,35,MIL,13,2.3,.375,.506,6.8
John Konchar,SG,26,MEM,40,2.6,.447,.550,6.8
Justise Winslow,SF,26,POR,29,2.8,.409,.444,6.8
James Wiseman,C,21,GSW,19,2.8,.609,.615,6.8
Troy Brown Jr.,SF,23,LAL,39,2.5,.439,.538,6.7
Evan Fournier,SG,30,NYK,19,2.3,.350,.451,6.7
Wenyen Gabriel,PF,25,LAL,36,2.8,.627,.655,6.7
Jordan Goodwin,PG,24,WAS,35,2.6,.462,.525,6.7
Ty Jerome,SG,25,GSW,27,2.5,.486,.562,6.7
T.J. McConnell,PG,30,IND,43,2.9,.498,.520,6.7
Edmond Sumner,SG,27,BRK,36,2.3,.458,.506,6.7
Yuta Watanabe,SF,28,BRK,31,2.5,.531,.671,6.7
Mark Williams,C,21,CHO,15,2.6,.600,.600,6.7
Jock Landale,C,27,PHO,38,2.4,.517,.553,6.6
Kevon Looney,C,26,GSW,45,2.7,.637,.637,6.6
Kendrick Nunn,SG,27,LAL,37,2.6,.407,.487,6.6
Jordan Nwora,SF,24,MIL,32,2.1,.382,.489,6.6
David Roddy,PF,21,MEM,39,2.5,.415,.492,6.6
Obi Toppin,PF,24,NYK,31,2.5,.402,.500,6.6
Terence Davis,SG,25,SAC,34,2.3,.420,.535,6.5
Jae'Sean Tate,SF,27,HOU,9,2.6,.404,.439,6.4
Dean Wade,PF,26,CLE,17,2.2,.452,.589,6.4
Aaron Wiggins,SG,24,OKC,35,2.4,.491,.558,6.4
Ziaire Williams,SF,21,MEM,18,2.6,.438,.500,6.4
Nicolas Batum,PF,34,LAC,44,2.2,.430,.586,6.3
Jaden Hardy,SG,20,DAL,19,2.2,.416,.470,6.3
Andre Drummond,C,29,CHI,34,2.6,.601,.601,6.2
Maxi Kleber,C,31,DAL,22,2.3,.490,.606,6.2
Reggie Bullock,SF,31,DAL,44,2.1,.376,.521,6.1
Luka Garza,C,24,MIN,15,2.1,.525,.585,6.1
Davion Mitchell,PG,24,SAC,42,2.5,.464,.542,6.1
MarJon Beauchamp,SF,22,MIL,32,2.2,.395,.492,6
Oshae Brissett,SF,24,IND,40,1.9,.403,.492,6
R.J. Hampton,PG,21,ORL,25,2.0,.439,.518,6
Kevin Knox,PF,23,DET,37,2.1,.467,.587,6
Dwight Powell,C,31,DAL,41,2.2,.736,.736,6
Patrick Beverley,PG,34,LAL,36,2.0,.391,.503,5.9
Dewayne Dedmon,C,33,MIA,29,2.2,.512,.556,5.9
Javonte Green,SG,29,CHI,28,2.2,.587,.649,5.9
Stanley Johnson,SF,26,SAS,18,2.2,.565,.659,5.9
Derrick Jones Jr.,SF,25,CHI,34,2.1,.533,.585,5.9
Lamar Stevens,PF,25,CLE,30,2.3,.439,.490,5.9
Delon Wright,PG,30,WAS,16,2.1,.402,.457,5.9
Darius Bazley,PF,22,OKC,29,2.1,.432,.482,5.8
JaMychal Green,PF,32,GSW,28,2.3,.512,.564,5.8
Montrezl Harrell,C,29,PHI,41,2.2,.583,.583,5.8
Nassir Little,SF,22,POR,24,2.1,.472,.565,5.8
Isaiah Livers,PF,24,DET,26,1.9,.407,.549,5.8
Isaac Okoro,SF,22,CLE,46,2.0,.475,.556,5.8
Derrick Rose,PG,34,NYK,26,2.3,.394,.455,5.8
Blake Wesley,SG,19,SAS,4,2.3,.643,.750,5.8
Mike Muscala,C,31,OKC,34,1.9,.422,.552,5.7
Austin Rivers,SG,30,MIN,35,2.0,.470,.584,5.7
Robert Covington,PF,32,LAC,28,1.9,.386,.475,5.6
Drew Eubanks,C,25,POR,43,2.3,.730,.741,5.6
Sam Hauser,PF,25,BOS,45,2.0,.440,.608,5.6
Brandon Boston Jr.,SG,21,LAC,17,1.8,.365,.424,5.5
Alex Caruso,PG,28,CHI,39,1.9,.430,.529,5.5
Nikola Jović,PF,19,MIA,15,1.9,.406,.464,5.5
Théo Maledon,PG,21,CHO,35,1.8,.408,.474,5.5
Patty Mills,PG,34,BRK,27,1.9,.451,.593,5.5
Otto Porter Jr.,SF,29,TOR,8,1.9,.500,.600,5.5
Malachi Flynn,PG,24,TOR,32,1.9,.376,.482,5.4
Jalen Johnson,SF,21,ATL,42,2.1,.481,.533,5.4
Chuma Okeke,SF,24,ORL,18,1.8,.368,.471,5.4
Ricky Rubio,PG,32,CLE,4,1.8,.350,.450,5.3
Patrick Baldwin Jr.,SF,20,GSW,14,1.8,.431,.603,5.2
Dalano Banton,PG,23,TOR,22,2.0,.423,.486,5.2
George Hill,PG,36,MIL,33,1.8,.450,.535,5.2
Moses Moody,SG,20,GSW,38,1.8,.451,.565,5.2
Eugene Omoruyi,SF,25,OKC,20,2.1,.482,.529,5.2
Isaiah Hartenstein,C,24,NYK,46,2.1,.485,.505,5.1
Chimezie Metu,C,25,SAC,31,2.1,.596,.619,5.1
Orlando Robinson,C,22,MIA,18,2.2,.557,.557,5.1
Dario Šarić,PF,28,PHO,27,1.8,.415,.500,5.1
Devonte' Graham,PG,27,NOP,45,1.5,.352,.484,5
Cody Martin,SF,27,CHO,7,2.0,.389,.431,5
Jamal Cain,SF,23,MIA,13,1.9,.521,.542,4.9
Vlatko Čančar,PF,25,DEN,33,1.8,.500,.623,4.9
Zeke Nnaji,PF,22,DEN,35,2.0,.603,.634,4.9
Admiral Schofield,PF,25,ORL,25,1.8,.478,.576,4.9
A.J. Green,SG,23,MIL,22,1.7,.468,.646,4.8
Blake Griffin,C,33,BOS,17,1.7,.492,.559,4.8
Josh Okogie,SG,24,PHO,39,1.6,.411,.470,4.8
Trendon Watford,PF,22,POR,31,1.7,.546,.588,4.8
Thaddeus Young,PF,34,TOR,36,2.2,.549,.563,4.8
Charles Bassey,C,22,SAS,24,2.0,.671,.686,4.7
Jaxson Hayes,C,22,NOP,25,1.7,.512,.530,4.7
Danuel House Jr.,SF,29,PHI,33,1.6,.469,.566,4.7
DeAndre Jordan,C,34,DEN,30,2.0,.772,.778,4.7
Kira Lewis Jr.,PG,21,NOP,6,1.5,.500,.556,4.7
Garrison Mathews,SG,26,HOU,38,1.3,.352,.514,4.7
Cory Joseph,PG,31,DET,35,1.7,.392,.459,4.6
Dyson Daniels,PG,19,NOP,36,1.8,.457,.525,4.5
Haywood Highsmith,SF,26,MIA,33,1.8,.399,.483,4.5
Aaron Holiday,PG,26,ATL,40,1.7,.416,.491,4.5
Justin Holiday,SG,33,ATL,27,1.7,.377,.496,4.5
Keon Johnson,SG,20,POR,23,1.7,.358,.436,4.5
Payton Pritchard,PG,25,BOS,30,1.7,.406,.500,4.5
Trevelin Queen,SG,25,IND,4,1.5,.316,.342,4.5
Xavier Tillman Sr.,PF,24,MEM,27,1.9,.586,.603,4.5
James Bouknight,SG,22,CHO,25,1.6,.333,.400,4.4
Jarrett Culver,SG,23,ATL,10,1.7,.395,.407,4.4
Ousmane Dieng,SF,19,OKC,14,1.8,.424,.508,4.4
Lindy Waters III,SG,25,OKC,18,1.4,.394,.568,4.4
Dāvis Bertāns,PF,30,DAL,27,1.4,.404,.569,4.3
Moses Brown,C,23,LAC,33,1.7,.629,.629,4.3
Rudy Gay,PF,36,UTA,33,1.6,.351,.407,4.2
Ochai Agbaji,SG,22,UTA,25,1.6,.494,.595,4.1
Serge Ibaka,C,33,MIL,16,1.6,.481,.537,4.1
Jordan McLaughlin,PG,26,MIN,18,1.6,.424,.485,4.1
Moussa Diabaté,PF,21,LAC,9,1.6,.500,.500,4
Caleb Houstan,SF,20,ORL,30,1.3,.381,.514,4
Furkan Korkmaz,SG,25,PHI,24,1.3,.410,.487,4
Markieff Morris,PF,33,BRK,22,1.3,.420,.558,4
Gary Payton II,PG,30,POR,6,1.7,.714,.857,4
JaVale McGee,C,35,DAL,29,1.7,.620,.627,3.9
Matt Ryan,SF,25,LAL,12,1.3,.306,.439,3.9
Jaylin Williams,PF,20,OKC,14,1.6,.431,.480,3.9
Max Christie,SG,19,LAL,27,1.3,.409,.528,3.8
Gorgui Dieng,C,33,SAS,14,1.4,.417,.521,3.8
Christian Koloko,C,22,TOR,40,1.5,.492,.496,3.8
Luke Kornet,C,27,BOS,39,1.6,.696,.712,3.8
Isaiah Roby,PF,24,SAS,32,1.5,.440,.505,3.8
Ish Wainright,SF,28,PHO,29,1.3,.390,.520,3.8
Amir Coffey,SG,25,LAC,35,1.2,.375,.420,3.7
Kevon Harris,SG,25,ORL,26,1.2,.421,.493,3.7
Bismack Biyombo,C,30,PHO,36,1.6,.569,.569,3.6
Bruno Fernando,C,24,HOU,22,1.4,.554,.554,3.6
Simone Fontecchio,SF,27,UTA,24,1.2,.372,.500,3.6
Taj Gibson,C,37,WAS,27,1.4,.543,.564,3.6
Juancho Hernangómez,PF,27,TOR,33,1.4,.452,.529,3.6
Jake LaRavia,PF,21,MEM,25,1.3,.405,.532,3.6
Goga Bitadze,C,23,IND,20,1.4,.519,.558,3.5
Bryce McGowens,SG,20,CHO,19,1.2,.415,.491,3.5
Matt Ryan,SF,25,TOT,25,1.1,.341,.482,3.5
Jericho Sims,C,24,NYK,33,1.6,.771,.771,3.5
Miles McBride,PG,22,NYK,34,1.2,.333,.419,3.4
Day'Ron Sharpe,C,21,BRK,23,1.3,.526,.561,3.4
Bryn Forbes,SG,29,MIN,22,1.1,.338,.405,3.3
Richaun Holmes,C,29,SAC,28,1.4,.690,.716,3.3
Daishen Nix,PG,20,HOU,35,1.1,.355,.467,3.3
P.J. Tucker,PF,37,PHI,43,1.2,.411,.528,3.3
Rodney McGruder,SG,31,DET,19,1.0,.365,.510,3.2
Christian Braun,SG,21,DEN,41,1.3,.437,.487,3.1
Trent Forrest,PG,24,ATL,15,1.5,.478,.478,3.1
Usman Garuba,PF,20,HOU,43,1.2,.520,.564,3.1
Jordan Hall,SF,21,SAS,9,1.0,.321,.375,3.1
Nathan Knight,PF,25,MIN,23,1.1,.641,.679,3.1
Raul Neto,PG,30,CLE,29,1.1,.524,.595,3.1
Paul Reed,C,23,PHI,35,1.3,.560,.560,3.1
Matt Ryan,SF,25,MIN,13,1.0,.394,.545,3.1
TyTy Washington Jr.,PG,21,HOU,13,1.3,.340,.370,3.1
Tyler Dorsey,SG,26,DAL,3,1.3,.800,.900,3
David Duke Jr.,SG,23,BRK,14,1.4,.442,.442,3
Anthony Gill,PF,30,WAS,34,1.2,.594,.609,3
Ron Harper Jr.,SF,22,TOR,2,1.0,.500,.750,3
Trevor Hudgins,PG,23,HOU,1,1.0,1.000,1.500,3
Frank Kaminsky,C,29,ATL,22,1.0,.575,.713,3
Saben Lee,PG,23,PHI,2,1.5,.750,.750,3
Robin Lopez,C,34,CLE,25,1.3,.640,.650,3
Neemias Queta,C,23,SAC,4,1.5,.750,.750,3
Juan Toscano-Anderson,SF,29,LAL,25,1.2,.534,.569,3
Josh Christopher,SG,21,HOU,27,1.2,.381,.405,2.9
Damian Jones,C,27,LAL,19,1.1,.556,.556,2.9
Wesley Matthews,SG,36,MIL,27,0.9,.329,.454,2.9
Frank Ntilikina,PG,24,DAL,26,1.1,.364,.429,2.9
Kennedy Chandler,PG,20,MEM,22,1.2,.400,.415,2.7
Kai Jones,C,22,CHO,25,1.1,.500,.527,2.7
Boban Marjanović,C,34,HOU,15,1.0,.682,.682,2.7
JT Thor,PF,20,CHO,33,1.0,.368,.443,2.7
Dominick Barlow,SF,19,SAS,4,0.8,.429,.429,2.5
Kenneth Lofton Jr.,PF,20,MEM,6,1.2,.467,.467,2.5
Garrett Temple,SG,36,NOP,15,0.9,.419,.548,2.5
Nerlens Noel,C,28,DET,12,1.0,.444,.463,2.4
Jason Preston,PG,23,LAC,10,1.0,.385,.462,2.4
Jaden Springer,SG,20,PHI,7,1.0,.583,.583,2.4
Matisse Thybulle,SG,25,PHI,41,1.0,.411,.495,2.4
Jeff Dowtin,PG,25,TOR,12,1.0,.522,.543,2.3
Andre Iguodala,SF,39,GSW,3,1.0,.750,.875,2.3
Sandro Mamukelashvili,C,23,MIL,19,0.8,.333,.400,2.3
Davon Reed,SG,27,DEN,29,0.7,.323,.427,2.3
Ish Smith,PG,34,DEN,20,1.1,.396,.415,2.3
Cole Swider,SF,23,LAL,4,0.8,.375,.563,2.3
Khem Birch,C,30,TOR,20,1.0,.594,.609,2.2
Scotty Pippen Jr.,PG,22,LAL,5,0.6,.300,.350,2.2
Dru Smith,SG,25,MIA,5,1.0,.357,.393,2.2
Jabari Walker,SF,20,POR,29,0.8,.400,.425,2.2
Terry Taylor,SG,23,IND,21,0.9,.432,.466,2.1
Greg Brown III,PF,21,POR,14,0.8,.458,.479,2
Justin Champagnie,SF,21,TOR,3,1.0,1.000,1.000,2
Mamadi Diakite,PF,26,CLE,13,0.8,.478,.565,2
Carlik Jones,PG,25,CHI,1,1.0,1.000,1.000,2
Mfiondu Kabengele,PF,25,BOS,1,1.0,.500,.500,2
A.J. Lawson,SG,22,MIN,1,1.0,1.000,1.000,2
Jared Rhoden,SG,23,DET,1,1.0,.333,.333,2
Ryan Rollins,PG,20,GSW,12,0.6,.350,.425,1.9
McKinley Wright IV,PG,24,DAL,14,0.7,.417,.438,1.9
Alize Johnson,PF,26,SAS,4,0.8,.500,.500,1.8
James Johnson,PF,35,IND,11,0.8,.360,.400,1.8
Svi Mykhailiuk,SF,25,NYK,12,0.5,.500,.750,1.8
Theo Pinson,SG,27,DAL,23,0.5,.353,.485,1.8
Wendell Moore Jr.,SG,21,MIN,19,0.7,.419,.452,1.7
Udoka Azubuike,C,23,UTA,16,0.8,.857,.857,1.6
Kendall Brown,SG,19,IND,6,0.7,.571,.571,1.5
Vit Krejci,PG,22,ATL,17,0.6,.385,.481,1.5
KZ Okpala,PF,23,SAC,31,0.5,.457,.557,1.5
Jordan Schakel,SF,24,WAS,2,0.5,.500,.750,1.5
Matthew Dellavedova,PG,32,SAC,19,0.5,.385,.481,1.4
A.J. Lawson,SG,22,TOT,8,0.5,.400,.500,1.4
Tyrese Martin,SG,23,ATL,11,0.5,.375,.406,1.4
Josh Minott,SF,20,MIN,7,0.4,.600,.600,1.4
Facundo Campazzo,PG,31,DAL,8,0.4,.231,.346,1.3
Braxton Key,SF,25,DET,3,0.3,1.000,1.000,1.3
A.J. Lawson,SG,22,DAL,7,0.4,.333,.444,1.3
Alex Len,C,29,SAC,10,0.5,.500,.500,1.3
Micah Potter,PF,24,UTA,3,0.7,1.000,1.000,1.3
Tony Bradley,C,25,CHI,10,0.4,.500,.625,1.2
Kessler Edwards,SF,22,BRK,13,0.5,.273,.318,1.2
Johnny Davis,SG,20,WAS,10,0.4,.308,.308,1.1
Isaiah Mobley,PF,23,CLE,8,0.5,.500,.563,1.1
Noah Vonleh,C,27,BOS,23,0.5,.458,.479,1.1
PJ Dozier,SG,26,SAC,3,0.3,.500,.750,1
Chima Moneke,SF,27,SAC,2,0.5,.500,.500,1
Dereon Seabron,SG,22,NOP,4,0.5,.500,.500,1
Peyton Watson,SG,20,DEN,6,0.5,.333,.333,1
Dalen Terry,SG,20,CHI,17,0.4,.400,.433,0.9
Vince Williams Jr.,SG,22,MEM,8,0.4,.273,.318,0.9
Justin Jackson,SF,27,BOS,19,0.3,.227,.318,0.8
Keon Ellis,SG,23,SAC,5,0.2,.500,.750,0.6
Udonis Haslem,C,42,MIA,5,0.2,.100,.100,0.6
Jack White,SF,25,DEN,11,0.3,.333,.389,0.6
Thanasis Antetokounmpo,SF,30,MIL,20,0.2,.214,.214,0.5
Leandro Bolmaro,SG,22,UTA,11,0.3,.176,.176,0.5
John Butler,C,20,POR,4,0.3,.333,.333,0.5
JD Davison,PG,20,BOS,4,0.3,.200,.200,0.5
Devon Dotson,PG,23,WAS,6,0.2,.100,.150,0.5
Isaiah Todd,PF,21,WAS,4,0.3,.250,.250,0.5
Ryan Arcidiacono,PG,28,NYK,10,0.1,.200,.300,0.3
Vernon Carey Jr.,C,21,WAS,7,0.1,.333,.333,0.3
Buddy Boeheim,PG,23,DET,1,0.0,,,0
Sterling Brown,SG,27,LAL,4,0.0,.000,.000,0
Julian Champagnie,SF,21,PHI,2,0.0,.000,.000,0
Michael Foster Jr.,PF,20,PHI,1,0.0,,,0
Malcolm Hill,SF,27,CHI,4,0.0,,,0
Trevor Keels,SG,19,NYK,1,0.0,.000,.000,0
Marko Simonovic,C,23,CHI,2,0.0,.000,.000,0
Alondes Williams,SG,23,BRK,1,0.0,,,0
